{
    "$schema": "https://schema.management.azure.com/schemas/2015-01-01/deploymentParameters.json#",
    "contentVersion": "1.0.0.0",
    "parameters": {
        "subscriptionId": {
            "value": "48b47fa2-e2d4-4eb4-92be-f7410898af0b"
        },
        "name": {
            "value": "ACME-Sample"
        },
        "location": {
            "value": "Central US"
        },
        "hostingEnvironment": {
            "value": ""
        },
        "hostingPlanName": {
            "value": "Galaxy-Linux-Plan"
        },
        "serverFarmResourceGroup": {
            "value": "Galaxy.Linux"
        },
        "alwaysOn": {
            "value": false
        },
        "sku": {
            "value": "Free"
        },
        "skuCode": {
            "value": "F1"
        },
        "workerSize": {
            "value": "0"
        },
        "workerSizeId": {
            "value": "0"
        },
        "numberOfWorkers": {
            "value": "1"
        },
        "currentStack": {
            "value": "dotnetcore"
        }
    }
}